date,sun
2020年6月7日  
2022年9月18日  
2018年9月19日  
2023年7月27日  
2018年6月14日  
2017年5月13日  
2020年5月22日  
2022年6月21日  
2016年9月8日  
2021年5月14日  
2023年7月29日  
2023年10月10日  
2023年10月10日  
2023年7月17日  
2023年7月27日  
2020年8月18日  
2023年9月6日  
2023年9月18日  
2023年7月12日  
2022年9月16日  
2021年7月26日  
2023年8月31日  
2023年6月11日  
2023年7月6日  
2013年8月12日  
2021年8月7日  
2023年11月3日  
2020年8月23日  
2023年10月10日  
2016年10月11日  
2023年7月24日  
2023年9月6日  
2023年5月21日  
2023年5月28日  
2022年7月2日  
2019年6月30日  
2022年7月2日  
2022年7月3日  
2023年10月17日  
2017年7月26日  